148:51	SP	148
148:67	H0	148
157:359	H-E2	148
157:654	H-E	148
157:944	H-S	148
157:1238	E16	148
157:1538	E14	148
157:1835	H-1	148
157:2424	E12	148
158:527	H-saved	148
158:823	H-row3	148
158:1118	H-row4	148
148:5884	open-menu	148
108:230	H	106
135:1498	H-R	106
125:1839	H-W	106
108:1116	H-B	106
108:1419	H-P	106
175:4085	E13	106
175:3869	H-T1	106
213:6592	H-範囲	106
213:6958	H-範囲2	106
201:5488	探す範囲	106
176:2571	フルパスのツールチップ	106
135:1801	正規表現の吹き出し	106
136:89	高速検索の表示	106
427:36175	H-PP	106
427:36508	H-TX	106
453:37457	H-多	106
453:38075	H-多-上限	106
453:38693	X-多	106
455:32195	X-多-詳細	106
453:39864	T-多	106
453:40267	P-多	106
453:41242	PV-多	106
